690	2023-03-23T20:29:50	495753	You mean you don't just destroy all nature within a 690 km radius around your cities?
200	2023-03-27T22:03:46	497082	Social security really wants me to print out and mail 200 pages. 200 pages
110	2023-03-30T21:17:16	497458	I think that's where we are headed. AI could be a better leader than any human 110%
100	2023-03-31T22:39:41	497735	Dopamine depleting 100%
369	2023-04-06T20:17:30	499475	I will add his name to the 369 open tabs I have in my browser 👍
300	2023-04-06T20:19:38	499482	No seriously man. The browser on my phone has over 300 open tabs. It's all things I plan to return to eventually but probably never will lol
369	2023-04-06T20:22:51	499496	If you can't handle me at my 369 tabs, you don't deserve me at my 12 💅
308	2023-04-07T06:07:56	499595	My name is Walter Hartwell White. I live at 308 Negra Arroyo Lane Albuquerque New Mexico 87104
200	2023-04-25T21:19:56	504052	I need to spend your 200 euro on cosmetics then I'll play well
100	2023-05-05T18:16:04	507239	My apartment has about 69 mirrors in it so it would also be a 1000 subscribers face reveal. But I probably don't care. I already did my 100 subscribers voice reveal with you
200	2023-05-08T23:01:50	508238	That's what I'm learning with music. Okay you have 200 song ideas. But because you haven't been working on planning and execution you have 2 finished songs lol
100	2023-07-30T02:51:21	530310	(100% legit method)(2023)(working)(easy)
300	2023-08-04T14:48:13	531295	You can skip the first 300 because those aren't really relevant to 2077 and the gameplay is kinda boring. But after that is when the story really picks up, so you should try to play at least the next 1000 games because it gives you a lot of necessary lore that you need to understand 2077. Particularly games 1069 and 1420 are pretty critical. You can probably skip games 700 through 850 though because the plot gets weirdly racist and I think they're banned in most countries anyways. But if you're short on time you could probably get away with just the last 500 games or so and you'll probably pick up on whatever you missed by not playing the earlier games
700	2023-08-04T14:48:13	531295	You can skip the first 300 because those aren't really relevant to 2077 and the gameplay is kinda boring. But after that is when the story really picks up, so you should try to play at least the next 1000 games because it gives you a lot of necessary lore that you need to understand 2077. Particularly games 1069 and 1420 are pretty critical. You can probably skip games 700 through 850 though because the plot gets weirdly racist and I think they're banned in most countries anyways. But if you're short on time you could probably get away with just the last 500 games or so and you'll probably pick up on whatever you missed by not playing the earlier games
850	2023-08-04T14:48:13	531295	You can skip the first 300 because those aren't really relevant to 2077 and the gameplay is kinda boring. But after that is when the story really picks up, so you should try to play at least the next 1000 games because it gives you a lot of necessary lore that you need to understand 2077. Particularly games 1069 and 1420 are pretty critical. You can probably skip games 700 through 850 though because the plot gets weirdly racist and I think they're banned in most countries anyways. But if you're short on time you could probably get away with just the last 500 games or so and you'll probably pick up on whatever you missed by not playing the earlier games
500	2023-08-04T14:48:13	531295	You can skip the first 300 because those aren't really relevant to 2077 and the gameplay is kinda boring. But after that is when the story really picks up, so you should try to play at least the next 1000 games because it gives you a lot of necessary lore that you need to understand 2077. Particularly games 1069 and 1420 are pretty critical. You can probably skip games 700 through 850 though because the plot gets weirdly racist and I think they're banned in most countries anyways. But if you're short on time you could probably get away with just the last 500 games or so and you'll probably pick up on whatever you missed by not playing the earlier games
100	2023-08-15T16:52:38	533260	I actually got like a $100 check for it when I was like 15 lol
576	2023-08-20T00:46:22	536326	It's what boomers tell you when you spend 0.576 milliseconds not doing something productive
390	2023-09-04T06:45:17	539655	AMD R9 390
110	2023-09-15T22:48:10	542850	110% lmfao
100	2023-09-28T21:09:17	545261	If I had to pay cash prices then yeah it's like $100+ an hour. Fuckin crazy
200	2024-01-06T16:39:28	564326	And those mfers ask like $200 for shipping
300	2024-03-14T01:52:05	575158	As Kanye West once said "I keep it 300, like the Romans"
700	2024-03-24T16:44:48	576765	Well apparently he's made over 700 sequels to that song (?!)
100	2024-03-25T18:16:41	576922	Kk I will try to be ready 100% too
192	2024-04-21T16:14:30	581322	Changing it to 192.169.1.1
169	2024-04-21T16:14:30	581322	Changing it to 192.169.1.1
350	2024-05-05T16:10:41	583808	Bro forgot he doesn't have a 2025 Ford F-350 XLT Extended Bed Deluxe Towing Package with the heated steering wheel package
376	2024-05-07T17:32:24	583996	376 ugly af tho 🥺
333	2024-05-07T17:33:21	583998	I like 333 because it's three 3s and 3 is a great number for design and other stuffs
100	2024-05-12T02:17:43	584374	Of course there's probably thousands that watch and know about it but ask 100 people on the street and probably like 10 would even know what it is. Maybe 0.5 a person will have seen it
117	2024-05-24T15:10:17	586239	Cure depression with this one simple trip down 117 stories 😍🥰
200	2024-05-26T16:01:41	586658	Even mine never gets that bad and I have 200 tabs open at all times lol
800	2024-07-05T17:44:25	597013	That's very Italian to be moving 800 euro pieces of meat
100	2024-07-21T06:49:24	600283	The main reason I use one is for the cash back rewards. Like I have one that is 2% cash back, so every $100 I spend i get $2 back. Doesn't seem like much but it adds up. Some cards will give you like 5% back or more on specific categories
123	2024-11-07T22:13:37	619840	I have 123 DAYS worth of playtime on my account 🙈
100	2024-12-06T22:05:48	623584	People who see no nut November meme and think it's just an epic challenge 100% fail hard mode
500	2024-12-09T21:59:20	624288	Jk rip to that guy I would never speak poorly of fortune 500 company executives they're my heroes
420	2024-12-15T19:39:08	625580	We robbed the wrong grave and received 420 years of compulsive ball touch curse
144	2025-02-14T22:48:54	635699	144 holy shit lol
100	2025-03-09T22:36:12	638582	I don't even know 100 people lol
996	2025-03-15T21:25:38	638984	996
420	2025-03-15T21:25:44	638987	420
160	2025-03-27T17:48:56	639903	160 IQ required novel I assume
240	2025-04-23T20:31:31	643882	240 pz BUSSY
142	2025-05-16T19:48:20	647582	Wait is 142 mins too long for you?
420	2025-05-23T22:53:21	649370	420+69 🙂‍↕️
773	2025-06-07T23:01:21	653408	Lobotomy number 773
100	2025-06-28T01:00:03	657247	Yeah man you're gonna be on a 100% locally sourced ASS FUDGE diet
200	2025-07-31T16:11:06	663157	I had a dream that I woke up and you had sent me like 200 messages and just kept sending more. And I was trying to reply but there was an update to the telegram app that was buggy as hell and I couldn't. So I decided to get on my computer and try the desktop app. When I booted up my PC, it started installing smilies and fonts and new mouse cursors and I realized I had a virus. You were still sending more messages but I couldn't reply 😔
218	2025-07-31T17:25:42	663397	218 🥹
169	2025-08-22T19:01:16	666625	Memory like chatgpt, 169% full 😂😂🤣😂🤣😂🤣😭😂🤣😭😂🤣
100	2025-09-11T18:02:54	671401	Yes 100%
985	2025-09-16T18:18:36	672139	985 😍
100	2025-09-20T00:19:19	673107	But fr I will go to an authorized reseller and buy a certified verified legitimate 100% authentic original copy of that book and read it
110	2025-10-02T01:11:26	675262	See Apple's commitment Materials AirPods Pro 3 are made with 40% recycled content,25 including: 100% recycled aluminum in the hinge 100% recycled cobalt and 95% recycled lithium in the battery 100% recycled gold plating and tin solder in all Apple-designed printed circuit boards 100% recycled copper wire in the inductive charger 100% recycled rare earth elements in all magnets 65% recycled plastic in the case Packaging 100% fiber-based packaging26 We designed the AirPods Pro 3 box to be smaller than AirPods Pro 2 boxes, enabling 25% more units shipped per trip.27 Energy 40% of manufacturing electricity for AirPods Pro 3 is sourced from renewable electricity28 Meets U.S. Department of Energy requirements for battery charger systems29 Waste No established final assembly sites generate waste sent to landfill as part of Apple’s Zero Waste Program30 Smarter chemistry31 All of the materials used in Apple products, accessories, and packaging are covered by the requirements of our Regulated Substances Specification, which was one of the first in industry to restrict the use of key substances of concern. See the latest Environmental Progress Report to understand Apple’s recent efforts in phasing out these chemistries. Apple Footer Fast, free delivery Or pick up available items at an Apple Store. Learn more Pay monthly at 0% APR You can pay over time when you choose to check out at Apple with Apple Card Monthly Installments.† Learn more Get help buying Have a question? Call a Specialist or chat online. Contact us Make them yours Engrave your AirPods with your initials or favorite emoji — free. Only at Apple. Learn more Available on compatible devices running iOS 18, iPadOS 18, or macOS Sequoia and later when paired with AirPods Pro 2 and later with the latest firmware. Device performance and noise control features like Active Noise Cancellation, Adaptive Audio, and Transparency can be affected by debris or earwax buildup. Clean the device regularly to maintain performance and full feature functionality. Refer to support.apple.com/120409 for AirPods Pro cleaning instructions. Available on compatible devices running iOS 18, iPadOS 18, or macOS Sequoia and later when paired with AirPods Pro 2 and later with the latest firmware. For the best performance, update to the latest software. Available on compatible devices running iOS 18, iPadOS 18, or macOS Sequoia and later when paired with AirPods Pro 2 and later with the latest firmware. Compatible hardware and software required. Works with compatible content in supported apps. Not all content available in Dolby Atmos. iPhone with TrueDepth camera required to create a personal profile for Spatial Audio, which will sync across Apple devices running the latest operating system software, including iOS, iPadOS, macOS, and tvOS. The Hearing Aid feature has received FDA authorization. The Hearing Test and Hearing Aid features are supported on AirPods Pro 2 and later with the latest firmware paired with a compatible iPhone or iPad with iOS 18 or iPadOS 18 and later and are intended for people 18 years old or older. The Hearing Aid feature is also supported on a compatible Mac with macOS Sequoia and later. It is intended for people with perceived mild to moderate hearing loss. Supported on AirPods Pro 2 and later with the latest firmware when paired with a compatible iPhone running iOS 26 and later. This feature may not be available in all regions or all languages. View complete list. The Hearing Protection feature works with AirPods Pro 2 and later with the latest firmware when paired with a compatible iPhone, iPad, or Mac with iOS 18, iPadOS 18, or macOS Sequoia and later. This feature is not available in all regions or all languages. View complete list. See support.apple.com/120850 for total attenuation and more information. The Hearing Protection feature is not suitable for protection against extremely loud impulse sounds, such as gunfire, fireworks, or jackhammers, or against sustained sounds louder than 110 dBA.
358	2025-10-02T01:11:26	675263	Live Translation with AirPods works on AirPods 4 with Active Noise Cancellation and AirPods Pro 2 and later with the latest firmware when paired with an Apple Intelligence–enabled iPhone running iOS 26 and later. Available in beta with support for these languages: English (UK, U.S.), French (France), German (Germany), Portuguese (Brazil), and Spanish (Spain). Later this year, Live Translation on AirPods will add language support for Chinese (Mandarin, Simplified), Chinese (Mandarin, Traditional), Italian, Japanese, and Korean. Some features may not be available in all regions or languages; for more information, see Feature Availability. Live Translation with AirPods is not available for EU residents whose device is in the EU and whose Apple Account country or region is also in the EU. Apple Intelligence users based in other regions can continue to use Live Translation with AirPods anywhere they travel. Built-in heart rate monitor is intended for use during workouts with the Fitness app and compatible third-party apps on iPhone running iOS 26 and later. Refer to support.apple.com/123184 for more information. Available in compatible applications with the latest firmware. Available on compatible devices running iOS 26 or iPadOS 26 and later when paired with AirPods Pro 2 and later. Siri and activating with just “Siri” may not be available in all languages or in all areas, and features may vary by area. Compatible device and internet access required. Cellular data charges may apply. Activating with just “Siri” is not available on AirPods with the H1 headphone chip and Intel‑based Mac computers. Devices must support and have the latest operating system software. AirPods Pro 3 are dust, sweat, and water resistant for non-water sports and exercise. Products including charging case were tested under controlled laboratory conditions, and have a rating of IP57 under IEC standard 60529. Dust, sweat, and water resistance are not permanent conditions and resistance might decrease as a result of normal wear. Do not attempt to charge when wet; refer to support.apple.com/kb/HT210711 for cleaning and drying instructions. Size and weight vary by configuration and manufacturing process. Find My functionality requires iOS 18 or later. Testing conducted by Apple in July and August 2025 using preproduction AirPods Pro 3 with MagSafe Charging Case paired with preproduction iPhone 17 Pro units, all with prerelease software. The playlist consisted of 358 unique audio tracks purchased from the iTunes Store (256-Kbps AAC encoding). Volume was set to 50% and Active Noise Cancellation was enabled. With Spatial Audio and Head Tracking enabled, listening time was up to 7.5 hours. Testing consisted of full AirPods Pro battery discharge while playing audio until the first AirPod Pro stopped playback. Battery life depends on device settings, environment, usage, and many other factors. Testing conducted by Apple in July and August 2025 using preproduction AirPods Pro 3 with MagSafe Charging Case paired with preproduction iPhone 17 Pro units, all with prerelease software. The playlist consisted of 358 unique audio tracks purchased from the iTunes Store (256-Kbps AAC encoding). Volume was set to 50% and Transparency was enabled. Testing consisted of full AirPods Pro battery discharge with heart rate sensing during outdoor walk workout with music playing back from iPhone until the first AirPod Pro was fully discharged. Battery life depends on device settings, environment, usage, and many other factors. Testing conducted by Apple in July and August 2025 using preproduction AirPods Pro 3 with MagSafe Charging Case paired with preproduction iPhone 17 Pro units, all with prerelease software. Both volume and amplification level were set to 50% and Transparency was enabled. Testing consisted of full AirPods Pro battery discharge with the Hearing Aid feature on, with no audio playing back from iPhone, until the first AirPod Pro was fully discharged. Battery life depends on device settings, environment, usage, and many other factors.
256	2025-10-02T01:11:26	675263	Live Translation with AirPods works on AirPods 4 with Active Noise Cancellation and AirPods Pro 2 and later with the latest firmware when paired with an Apple Intelligence–enabled iPhone running iOS 26 and later. Available in beta with support for these languages: English (UK, U.S.), French (France), German (Germany), Portuguese (Brazil), and Spanish (Spain). Later this year, Live Translation on AirPods will add language support for Chinese (Mandarin, Simplified), Chinese (Mandarin, Traditional), Italian, Japanese, and Korean. Some features may not be available in all regions or languages; for more information, see Feature Availability. Live Translation with AirPods is not available for EU residents whose device is in the EU and whose Apple Account country or region is also in the EU. Apple Intelligence users based in other regions can continue to use Live Translation with AirPods anywhere they travel. Built-in heart rate monitor is intended for use during workouts with the Fitness app and compatible third-party apps on iPhone running iOS 26 and later. Refer to support.apple.com/123184 for more information. Available in compatible applications with the latest firmware. Available on compatible devices running iOS 26 or iPadOS 26 and later when paired with AirPods Pro 2 and later. Siri and activating with just “Siri” may not be available in all languages or in all areas, and features may vary by area. Compatible device and internet access required. Cellular data charges may apply. Activating with just “Siri” is not available on AirPods with the H1 headphone chip and Intel‑based Mac computers. Devices must support and have the latest operating system software. AirPods Pro 3 are dust, sweat, and water resistant for non-water sports and exercise. Products including charging case were tested under controlled laboratory conditions, and have a rating of IP57 under IEC standard 60529. Dust, sweat, and water resistance are not permanent conditions and resistance might decrease as a result of normal wear. Do not attempt to charge when wet; refer to support.apple.com/kb/HT210711 for cleaning and drying instructions. Size and weight vary by configuration and manufacturing process. Find My functionality requires iOS 18 or later. Testing conducted by Apple in July and August 2025 using preproduction AirPods Pro 3 with MagSafe Charging Case paired with preproduction iPhone 17 Pro units, all with prerelease software. The playlist consisted of 358 unique audio tracks purchased from the iTunes Store (256-Kbps AAC encoding). Volume was set to 50% and Active Noise Cancellation was enabled. With Spatial Audio and Head Tracking enabled, listening time was up to 7.5 hours. Testing consisted of full AirPods Pro battery discharge while playing audio until the first AirPod Pro stopped playback. Battery life depends on device settings, environment, usage, and many other factors. Testing conducted by Apple in July and August 2025 using preproduction AirPods Pro 3 with MagSafe Charging Case paired with preproduction iPhone 17 Pro units, all with prerelease software. The playlist consisted of 358 unique audio tracks purchased from the iTunes Store (256-Kbps AAC encoding). Volume was set to 50% and Transparency was enabled. Testing consisted of full AirPods Pro battery discharge with heart rate sensing during outdoor walk workout with music playing back from iPhone until the first AirPod Pro was fully discharged. Battery life depends on device settings, environment, usage, and many other factors. Testing conducted by Apple in July and August 2025 using preproduction AirPods Pro 3 with MagSafe Charging Case paired with preproduction iPhone 17 Pro units, all with prerelease software. Both volume and amplification level were set to 50% and Transparency was enabled. Testing consisted of full AirPods Pro battery discharge with the Hearing Aid feature on, with no audio playing back from iPhone, until the first AirPod Pro was fully discharged. Battery life depends on device settings, environment, usage, and many other factors.
358	2025-10-02T01:11:26	675263	Live Translation with AirPods works on AirPods 4 with Active Noise Cancellation and AirPods Pro 2 and later with the latest firmware when paired with an Apple Intelligence–enabled iPhone running iOS 26 and later. Available in beta with support for these languages: English (UK, U.S.), French (France), German (Germany), Portuguese (Brazil), and Spanish (Spain). Later this year, Live Translation on AirPods will add language support for Chinese (Mandarin, Simplified), Chinese (Mandarin, Traditional), Italian, Japanese, and Korean. Some features may not be available in all regions or languages; for more information, see Feature Availability. Live Translation with AirPods is not available for EU residents whose device is in the EU and whose Apple Account country or region is also in the EU. Apple Intelligence users based in other regions can continue to use Live Translation with AirPods anywhere they travel. Built-in heart rate monitor is intended for use during workouts with the Fitness app and compatible third-party apps on iPhone running iOS 26 and later. Refer to support.apple.com/123184 for more information. Available in compatible applications with the latest firmware. Available on compatible devices running iOS 26 or iPadOS 26 and later when paired with AirPods Pro 2 and later. Siri and activating with just “Siri” may not be available in all languages or in all areas, and features may vary by area. Compatible device and internet access required. Cellular data charges may apply. Activating with just “Siri” is not available on AirPods with the H1 headphone chip and Intel‑based Mac computers. Devices must support and have the latest operating system software. AirPods Pro 3 are dust, sweat, and water resistant for non-water sports and exercise. Products including charging case were tested under controlled laboratory conditions, and have a rating of IP57 under IEC standard 60529. Dust, sweat, and water resistance are not permanent conditions and resistance might decrease as a result of normal wear. Do not attempt to charge when wet; refer to support.apple.com/kb/HT210711 for cleaning and drying instructions. Size and weight vary by configuration and manufacturing process. Find My functionality requires iOS 18 or later. Testing conducted by Apple in July and August 2025 using preproduction AirPods Pro 3 with MagSafe Charging Case paired with preproduction iPhone 17 Pro units, all with prerelease software. The playlist consisted of 358 unique audio tracks purchased from the iTunes Store (256-Kbps AAC encoding). Volume was set to 50% and Active Noise Cancellation was enabled. With Spatial Audio and Head Tracking enabled, listening time was up to 7.5 hours. Testing consisted of full AirPods Pro battery discharge while playing audio until the first AirPod Pro stopped playback. Battery life depends on device settings, environment, usage, and many other factors. Testing conducted by Apple in July and August 2025 using preproduction AirPods Pro 3 with MagSafe Charging Case paired with preproduction iPhone 17 Pro units, all with prerelease software. The playlist consisted of 358 unique audio tracks purchased from the iTunes Store (256-Kbps AAC encoding). Volume was set to 50% and Transparency was enabled. Testing consisted of full AirPods Pro battery discharge with heart rate sensing during outdoor walk workout with music playing back from iPhone until the first AirPod Pro was fully discharged. Battery life depends on device settings, environment, usage, and many other factors. Testing conducted by Apple in July and August 2025 using preproduction AirPods Pro 3 with MagSafe Charging Case paired with preproduction iPhone 17 Pro units, all with prerelease software. Both volume and amplification level were set to 50% and Transparency was enabled. Testing consisted of full AirPods Pro battery discharge with the Hearing Aid feature on, with no audio playing back from iPhone, until the first AirPod Pro was fully discharged. Battery life depends on device settings, environment, usage, and many other factors.
256	2025-10-02T01:11:26	675263	Live Translation with AirPods works on AirPods 4 with Active Noise Cancellation and AirPods Pro 2 and later with the latest firmware when paired with an Apple Intelligence–enabled iPhone running iOS 26 and later. Available in beta with support for these languages: English (UK, U.S.), French (France), German (Germany), Portuguese (Brazil), and Spanish (Spain). Later this year, Live Translation on AirPods will add language support for Chinese (Mandarin, Simplified), Chinese (Mandarin, Traditional), Italian, Japanese, and Korean. Some features may not be available in all regions or languages; for more information, see Feature Availability. Live Translation with AirPods is not available for EU residents whose device is in the EU and whose Apple Account country or region is also in the EU. Apple Intelligence users based in other regions can continue to use Live Translation with AirPods anywhere they travel. Built-in heart rate monitor is intended for use during workouts with the Fitness app and compatible third-party apps on iPhone running iOS 26 and later. Refer to support.apple.com/123184 for more information. Available in compatible applications with the latest firmware. Available on compatible devices running iOS 26 or iPadOS 26 and later when paired with AirPods Pro 2 and later. Siri and activating with just “Siri” may not be available in all languages or in all areas, and features may vary by area. Compatible device and internet access required. Cellular data charges may apply. Activating with just “Siri” is not available on AirPods with the H1 headphone chip and Intel‑based Mac computers. Devices must support and have the latest operating system software. AirPods Pro 3 are dust, sweat, and water resistant for non-water sports and exercise. Products including charging case were tested under controlled laboratory conditions, and have a rating of IP57 under IEC standard 60529. Dust, sweat, and water resistance are not permanent conditions and resistance might decrease as a result of normal wear. Do not attempt to charge when wet; refer to support.apple.com/kb/HT210711 for cleaning and drying instructions. Size and weight vary by configuration and manufacturing process. Find My functionality requires iOS 18 or later. Testing conducted by Apple in July and August 2025 using preproduction AirPods Pro 3 with MagSafe Charging Case paired with preproduction iPhone 17 Pro units, all with prerelease software. The playlist consisted of 358 unique audio tracks purchased from the iTunes Store (256-Kbps AAC encoding). Volume was set to 50% and Active Noise Cancellation was enabled. With Spatial Audio and Head Tracking enabled, listening time was up to 7.5 hours. Testing consisted of full AirPods Pro battery discharge while playing audio until the first AirPod Pro stopped playback. Battery life depends on device settings, environment, usage, and many other factors. Testing conducted by Apple in July and August 2025 using preproduction AirPods Pro 3 with MagSafe Charging Case paired with preproduction iPhone 17 Pro units, all with prerelease software. The playlist consisted of 358 unique audio tracks purchased from the iTunes Store (256-Kbps AAC encoding). Volume was set to 50% and Transparency was enabled. Testing consisted of full AirPods Pro battery discharge with heart rate sensing during outdoor walk workout with music playing back from iPhone until the first AirPod Pro was fully discharged. Battery life depends on device settings, environment, usage, and many other factors. Testing conducted by Apple in July and August 2025 using preproduction AirPods Pro 3 with MagSafe Charging Case paired with preproduction iPhone 17 Pro units, all with prerelease software. Both volume and amplification level were set to 50% and Transparency was enabled. Testing consisted of full AirPods Pro battery discharge with the Hearing Aid feature on, with no audio playing back from iPhone, until the first AirPod Pro was fully discharged. Battery life depends on device settings, environment, usage, and many other factors.
358	2025-10-02T01:11:26	675264	MagSafe charging requires a compatible MagSafe charger. Wireless charging requires a Qi‑certified wireless charger. Charging case also works with the Apple Watch charger or USB‑C connector. Testing conducted by Apple in July and August 2025 using preproduction AirPods Pro 3 with MagSafe Charging Case paired with preproduction iPhone 17 Pro units, all with prerelease software. The playlist consisted of 358 unique audio tracks purchased from the iTunes Store (256-Kbps AAC encoding). Volume was set to 50% and Active Noise Cancellation was enabled. Testing consisted of full AirPods Pro battery discharge while playing audio until the first AirPod Pro stopped playback. The drained AirPods Pro were charged to 100 percent, then audio playback was resumed until the first AirPod Pro stopped playback. This cycle was repeated until both the AirPods Pro and charging case were fully discharged. Battery life depends on device settings, environment, usage, and many other factors. Testing conducted by Apple in July and August 2025 using preproduction AirPods Pro 3 with MagSafe Charging Case paired with preproduction iPhone 17 Pro units, all with prerelease software. The playlist consisted of 358 unique audio tracks purchased from the iTunes Store (256-Kbps AAC encoding). Volume was set to 50% and Active Noise Cancellation was enabled. 5-Minute charge testing conducted with drained AirPods Pro that were charged for 5 minutes, then audio playback was started until the first AirPod Pro stopped playback. Battery life depends on device settings, environment, usage, and many other factors. Requires the latest version of iOS or iPadOS. Data accurate as of product launch. Product recycled or renewable content is the mass of certified recycled material relative to the overall mass of the device, not including packaging or in‑box accessories. Based on retail packaging as shipped by Apple. Breakdown of U.S. retail packaging by weight. Adhesives, inks, and coatings are excluded from our calculations of plastic content and packaging weight. Based on the number of multi-unit boxes that fit onto a pallet compared with AirPods Pro 2. This increase in efficiency excludes pallets shipped to Brazil. We estimate the percentage of electricity‑related emissions in our manufacturing that is sourced from low‑carbon electricity by attributing to our carbon model low‑carbon energy procured by our suppliers in the prior fiscal year, based on the supplier manufacturing allocations at time of product launch. This calculation assesses the suppliers for AirPods Pro 3. Included in this number is only low‑carbon electricity that Apple or its suppliers have procured as part of Apple’s Supplier Clean Energy Program. Efficiency performance is based on the U.S. Department of Energy Federal Energy Conservation Standards for Battery Chargers. All established final assembly supplier sites — those that have been Apple suppliers for more than one year — for AirPods Pro 3 are third-party verified as Zero Waste by UL LLC (UL 2799 Standard). UL requires at least 90% diversion through methods other than waste to energy to achieve Zero Waste to Landfill (Silver 90–94%, Gold 95–99%, and Platinum 100%) designations. Apple’s Regulated Substances Specification describes Apple’s restrictions on the use of certain chemical substances in materials in Apple products, accessories, manufacturing processes, and packaging used for shipping products to Apple’s end-customers. Restrictions are derived from international laws or directives, regulatory agencies, eco-label requirements, environmental standards, and Apple policies. Every Apple product is free of PVC and phthalates except for AC power cords in India, Thailand (for two-prong AC power cords), and South Korea, where we continue to seek government approval for our PVC and phthalates replacement. Apple products comply with the European Union Directive 2011/65/EU and its amendments, including exemptions for the use of lead such as high-temperature solder.
256	2025-10-02T01:11:26	675264	MagSafe charging requires a compatible MagSafe charger. Wireless charging requires a Qi‑certified wireless charger. Charging case also works with the Apple Watch charger or USB‑C connector. Testing conducted by Apple in July and August 2025 using preproduction AirPods Pro 3 with MagSafe Charging Case paired with preproduction iPhone 17 Pro units, all with prerelease software. The playlist consisted of 358 unique audio tracks purchased from the iTunes Store (256-Kbps AAC encoding). Volume was set to 50% and Active Noise Cancellation was enabled. Testing consisted of full AirPods Pro battery discharge while playing audio until the first AirPod Pro stopped playback. The drained AirPods Pro were charged to 100 percent, then audio playback was resumed until the first AirPod Pro stopped playback. This cycle was repeated until both the AirPods Pro and charging case were fully discharged. Battery life depends on device settings, environment, usage, and many other factors. Testing conducted by Apple in July and August 2025 using preproduction AirPods Pro 3 with MagSafe Charging Case paired with preproduction iPhone 17 Pro units, all with prerelease software. The playlist consisted of 358 unique audio tracks purchased from the iTunes Store (256-Kbps AAC encoding). Volume was set to 50% and Active Noise Cancellation was enabled. 5-Minute charge testing conducted with drained AirPods Pro that were charged for 5 minutes, then audio playback was started until the first AirPod Pro stopped playback. Battery life depends on device settings, environment, usage, and many other factors. Requires the latest version of iOS or iPadOS. Data accurate as of product launch. Product recycled or renewable content is the mass of certified recycled material relative to the overall mass of the device, not including packaging or in‑box accessories. Based on retail packaging as shipped by Apple. Breakdown of U.S. retail packaging by weight. Adhesives, inks, and coatings are excluded from our calculations of plastic content and packaging weight. Based on the number of multi-unit boxes that fit onto a pallet compared with AirPods Pro 2. This increase in efficiency excludes pallets shipped to Brazil. We estimate the percentage of electricity‑related emissions in our manufacturing that is sourced from low‑carbon electricity by attributing to our carbon model low‑carbon energy procured by our suppliers in the prior fiscal year, based on the supplier manufacturing allocations at time of product launch. This calculation assesses the suppliers for AirPods Pro 3. Included in this number is only low‑carbon electricity that Apple or its suppliers have procured as part of Apple’s Supplier Clean Energy Program. Efficiency performance is based on the U.S. Department of Energy Federal Energy Conservation Standards for Battery Chargers. All established final assembly supplier sites — those that have been Apple suppliers for more than one year — for AirPods Pro 3 are third-party verified as Zero Waste by UL LLC (UL 2799 Standard). UL requires at least 90% diversion through methods other than waste to energy to achieve Zero Waste to Landfill (Silver 90–94%, Gold 95–99%, and Platinum 100%) designations. Apple’s Regulated Substances Specification describes Apple’s restrictions on the use of certain chemical substances in materials in Apple products, accessories, manufacturing processes, and packaging used for shipping products to Apple’s end-customers. Restrictions are derived from international laws or directives, regulatory agencies, eco-label requirements, environmental standards, and Apple policies. Every Apple product is free of PVC and phthalates except for AC power cords in India, Thailand (for two-prong AC power cords), and South Korea, where we continue to seek government approval for our PVC and phthalates replacement. Apple products comply with the European Union Directive 2011/65/EU and its amendments, including exemptions for the use of lead such as high-temperature solder.
100	2025-10-02T01:11:26	675264	MagSafe charging requires a compatible MagSafe charger. Wireless charging requires a Qi‑certified wireless charger. Charging case also works with the Apple Watch charger or USB‑C connector. Testing conducted by Apple in July and August 2025 using preproduction AirPods Pro 3 with MagSafe Charging Case paired with preproduction iPhone 17 Pro units, all with prerelease software. The playlist consisted of 358 unique audio tracks purchased from the iTunes Store (256-Kbps AAC encoding). Volume was set to 50% and Active Noise Cancellation was enabled. Testing consisted of full AirPods Pro battery discharge while playing audio until the first AirPod Pro stopped playback. The drained AirPods Pro were charged to 100 percent, then audio playback was resumed until the first AirPod Pro stopped playback. This cycle was repeated until both the AirPods Pro and charging case were fully discharged. Battery life depends on device settings, environment, usage, and many other factors. Testing conducted by Apple in July and August 2025 using preproduction AirPods Pro 3 with MagSafe Charging Case paired with preproduction iPhone 17 Pro units, all with prerelease software. The playlist consisted of 358 unique audio tracks purchased from the iTunes Store (256-Kbps AAC encoding). Volume was set to 50% and Active Noise Cancellation was enabled. 5-Minute charge testing conducted with drained AirPods Pro that were charged for 5 minutes, then audio playback was started until the first AirPod Pro stopped playback. Battery life depends on device settings, environment, usage, and many other factors. Requires the latest version of iOS or iPadOS. Data accurate as of product launch. Product recycled or renewable content is the mass of certified recycled material relative to the overall mass of the device, not including packaging or in‑box accessories. Based on retail packaging as shipped by Apple. Breakdown of U.S. retail packaging by weight. Adhesives, inks, and coatings are excluded from our calculations of plastic content and packaging weight. Based on the number of multi-unit boxes that fit onto a pallet compared with AirPods Pro 2. This increase in efficiency excludes pallets shipped to Brazil. We estimate the percentage of electricity‑related emissions in our manufacturing that is sourced from low‑carbon electricity by attributing to our carbon model low‑carbon energy procured by our suppliers in the prior fiscal year, based on the supplier manufacturing allocations at time of product launch. This calculation assesses the suppliers for AirPods Pro 3. Included in this number is only low‑carbon electricity that Apple or its suppliers have procured as part of Apple’s Supplier Clean Energy Program. Efficiency performance is based on the U.S. Department of Energy Federal Energy Conservation Standards for Battery Chargers. All established final assembly supplier sites — those that have been Apple suppliers for more than one year — for AirPods Pro 3 are third-party verified as Zero Waste by UL LLC (UL 2799 Standard). UL requires at least 90% diversion through methods other than waste to energy to achieve Zero Waste to Landfill (Silver 90–94%, Gold 95–99%, and Platinum 100%) designations. Apple’s Regulated Substances Specification describes Apple’s restrictions on the use of certain chemical substances in materials in Apple products, accessories, manufacturing processes, and packaging used for shipping products to Apple’s end-customers. Restrictions are derived from international laws or directives, regulatory agencies, eco-label requirements, environmental standards, and Apple policies. Every Apple product is free of PVC and phthalates except for AC power cords in India, Thailand (for two-prong AC power cords), and South Korea, where we continue to seek government approval for our PVC and phthalates replacement. Apple products comply with the European Union Directive 2011/65/EU and its amendments, including exemptions for the use of lead such as high-temperature solder.
358	2025-10-02T01:11:26	675264	MagSafe charging requires a compatible MagSafe charger. Wireless charging requires a Qi‑certified wireless charger. Charging case also works with the Apple Watch charger or USB‑C connector. Testing conducted by Apple in July and August 2025 using preproduction AirPods Pro 3 with MagSafe Charging Case paired with preproduction iPhone 17 Pro units, all with prerelease software. The playlist consisted of 358 unique audio tracks purchased from the iTunes Store (256-Kbps AAC encoding). Volume was set to 50% and Active Noise Cancellation was enabled. Testing consisted of full AirPods Pro battery discharge while playing audio until the first AirPod Pro stopped playback. The drained AirPods Pro were charged to 100 percent, then audio playback was resumed until the first AirPod Pro stopped playback. This cycle was repeated until both the AirPods Pro and charging case were fully discharged. Battery life depends on device settings, environment, usage, and many other factors. Testing conducted by Apple in July and August 2025 using preproduction AirPods Pro 3 with MagSafe Charging Case paired with preproduction iPhone 17 Pro units, all with prerelease software. The playlist consisted of 358 unique audio tracks purchased from the iTunes Store (256-Kbps AAC encoding). Volume was set to 50% and Active Noise Cancellation was enabled. 5-Minute charge testing conducted with drained AirPods Pro that were charged for 5 minutes, then audio playback was started until the first AirPod Pro stopped playback. Battery life depends on device settings, environment, usage, and many other factors. Requires the latest version of iOS or iPadOS. Data accurate as of product launch. Product recycled or renewable content is the mass of certified recycled material relative to the overall mass of the device, not including packaging or in‑box accessories. Based on retail packaging as shipped by Apple. Breakdown of U.S. retail packaging by weight. Adhesives, inks, and coatings are excluded from our calculations of plastic content and packaging weight. Based on the number of multi-unit boxes that fit onto a pallet compared with AirPods Pro 2. This increase in efficiency excludes pallets shipped to Brazil. We estimate the percentage of electricity‑related emissions in our manufacturing that is sourced from low‑carbon electricity by attributing to our carbon model low‑carbon energy procured by our suppliers in the prior fiscal year, based on the supplier manufacturing allocations at time of product launch. This calculation assesses the suppliers for AirPods Pro 3. Included in this number is only low‑carbon electricity that Apple or its suppliers have procured as part of Apple’s Supplier Clean Energy Program. Efficiency performance is based on the U.S. Department of Energy Federal Energy Conservation Standards for Battery Chargers. All established final assembly supplier sites — those that have been Apple suppliers for more than one year — for AirPods Pro 3 are third-party verified as Zero Waste by UL LLC (UL 2799 Standard). UL requires at least 90% diversion through methods other than waste to energy to achieve Zero Waste to Landfill (Silver 90–94%, Gold 95–99%, and Platinum 100%) designations. Apple’s Regulated Substances Specification describes Apple’s restrictions on the use of certain chemical substances in materials in Apple products, accessories, manufacturing processes, and packaging used for shipping products to Apple’s end-customers. Restrictions are derived from international laws or directives, regulatory agencies, eco-label requirements, environmental standards, and Apple policies. Every Apple product is free of PVC and phthalates except for AC power cords in India, Thailand (for two-prong AC power cords), and South Korea, where we continue to seek government approval for our PVC and phthalates replacement. Apple products comply with the European Union Directive 2011/65/EU and its amendments, including exemptions for the use of lead such as high-temperature solder.
256	2025-10-02T01:11:26	675264	MagSafe charging requires a compatible MagSafe charger. Wireless charging requires a Qi‑certified wireless charger. Charging case also works with the Apple Watch charger or USB‑C connector. Testing conducted by Apple in July and August 2025 using preproduction AirPods Pro 3 with MagSafe Charging Case paired with preproduction iPhone 17 Pro units, all with prerelease software. The playlist consisted of 358 unique audio tracks purchased from the iTunes Store (256-Kbps AAC encoding). Volume was set to 50% and Active Noise Cancellation was enabled. Testing consisted of full AirPods Pro battery discharge while playing audio until the first AirPod Pro stopped playback. The drained AirPods Pro were charged to 100 percent, then audio playback was resumed until the first AirPod Pro stopped playback. This cycle was repeated until both the AirPods Pro and charging case were fully discharged. Battery life depends on device settings, environment, usage, and many other factors. Testing conducted by Apple in July and August 2025 using preproduction AirPods Pro 3 with MagSafe Charging Case paired with preproduction iPhone 17 Pro units, all with prerelease software. The playlist consisted of 358 unique audio tracks purchased from the iTunes Store (256-Kbps AAC encoding). Volume was set to 50% and Active Noise Cancellation was enabled. 5-Minute charge testing conducted with drained AirPods Pro that were charged for 5 minutes, then audio playback was started until the first AirPod Pro stopped playback. Battery life depends on device settings, environment, usage, and many other factors. Requires the latest version of iOS or iPadOS. Data accurate as of product launch. Product recycled or renewable content is the mass of certified recycled material relative to the overall mass of the device, not including packaging or in‑box accessories. Based on retail packaging as shipped by Apple. Breakdown of U.S. retail packaging by weight. Adhesives, inks, and coatings are excluded from our calculations of plastic content and packaging weight. Based on the number of multi-unit boxes that fit onto a pallet compared with AirPods Pro 2. This increase in efficiency excludes pallets shipped to Brazil. We estimate the percentage of electricity‑related emissions in our manufacturing that is sourced from low‑carbon electricity by attributing to our carbon model low‑carbon energy procured by our suppliers in the prior fiscal year, based on the supplier manufacturing allocations at time of product launch. This calculation assesses the suppliers for AirPods Pro 3. Included in this number is only low‑carbon electricity that Apple or its suppliers have procured as part of Apple’s Supplier Clean Energy Program. Efficiency performance is based on the U.S. Department of Energy Federal Energy Conservation Standards for Battery Chargers. All established final assembly supplier sites — those that have been Apple suppliers for more than one year — for AirPods Pro 3 are third-party verified as Zero Waste by UL LLC (UL 2799 Standard). UL requires at least 90% diversion through methods other than waste to energy to achieve Zero Waste to Landfill (Silver 90–94%, Gold 95–99%, and Platinum 100%) designations. Apple’s Regulated Substances Specification describes Apple’s restrictions on the use of certain chemical substances in materials in Apple products, accessories, manufacturing processes, and packaging used for shipping products to Apple’s end-customers. Restrictions are derived from international laws or directives, regulatory agencies, eco-label requirements, environmental standards, and Apple policies. Every Apple product is free of PVC and phthalates except for AC power cords in India, Thailand (for two-prong AC power cords), and South Korea, where we continue to seek government approval for our PVC and phthalates replacement. Apple products comply with the European Union Directive 2011/65/EU and its amendments, including exemptions for the use of lead such as high-temperature solder.
100	2025-10-02T01:11:26	675264	MagSafe charging requires a compatible MagSafe charger. Wireless charging requires a Qi‑certified wireless charger. Charging case also works with the Apple Watch charger or USB‑C connector. Testing conducted by Apple in July and August 2025 using preproduction AirPods Pro 3 with MagSafe Charging Case paired with preproduction iPhone 17 Pro units, all with prerelease software. The playlist consisted of 358 unique audio tracks purchased from the iTunes Store (256-Kbps AAC encoding). Volume was set to 50% and Active Noise Cancellation was enabled. Testing consisted of full AirPods Pro battery discharge while playing audio until the first AirPod Pro stopped playback. The drained AirPods Pro were charged to 100 percent, then audio playback was resumed until the first AirPod Pro stopped playback. This cycle was repeated until both the AirPods Pro and charging case were fully discharged. Battery life depends on device settings, environment, usage, and many other factors. Testing conducted by Apple in July and August 2025 using preproduction AirPods Pro 3 with MagSafe Charging Case paired with preproduction iPhone 17 Pro units, all with prerelease software. The playlist consisted of 358 unique audio tracks purchased from the iTunes Store (256-Kbps AAC encoding). Volume was set to 50% and Active Noise Cancellation was enabled. 5-Minute charge testing conducted with drained AirPods Pro that were charged for 5 minutes, then audio playback was started until the first AirPod Pro stopped playback. Battery life depends on device settings, environment, usage, and many other factors. Requires the latest version of iOS or iPadOS. Data accurate as of product launch. Product recycled or renewable content is the mass of certified recycled material relative to the overall mass of the device, not including packaging or in‑box accessories. Based on retail packaging as shipped by Apple. Breakdown of U.S. retail packaging by weight. Adhesives, inks, and coatings are excluded from our calculations of plastic content and packaging weight. Based on the number of multi-unit boxes that fit onto a pallet compared with AirPods Pro 2. This increase in efficiency excludes pallets shipped to Brazil. We estimate the percentage of electricity‑related emissions in our manufacturing that is sourced from low‑carbon electricity by attributing to our carbon model low‑carbon energy procured by our suppliers in the prior fiscal year, based on the supplier manufacturing allocations at time of product launch. This calculation assesses the suppliers for AirPods Pro 3. Included in this number is only low‑carbon electricity that Apple or its suppliers have procured as part of Apple’s Supplier Clean Energy Program. Efficiency performance is based on the U.S. Department of Energy Federal Energy Conservation Standards for Battery Chargers. All established final assembly supplier sites — those that have been Apple suppliers for more than one year — for AirPods Pro 3 are third-party verified as Zero Waste by UL LLC (UL 2799 Standard). UL requires at least 90% diversion through methods other than waste to energy to achieve Zero Waste to Landfill (Silver 90–94%, Gold 95–99%, and Platinum 100%) designations. Apple’s Regulated Substances Specification describes Apple’s restrictions on the use of certain chemical substances in materials in Apple products, accessories, manufacturing processes, and packaging used for shipping products to Apple’s end-customers. Restrictions are derived from international laws or directives, regulatory agencies, eco-label requirements, environmental standards, and Apple policies. Every Apple product is free of PVC and phthalates except for AC power cords in India, Thailand (for two-prong AC power cords), and South Korea, where we continue to seek government approval for our PVC and phthalates replacement. Apple products comply with the European Union Directive 2011/65/EU and its amendments, including exemptions for the use of lead such as high-temperature solder.
800	2025-10-02T01:11:26	675265	Apple is working to phase out the use of these exempted substances for new products where technically possible. † Apple Card Monthly Installments (ACMI) is a 0% APR payment option that is only available if you select it at checkout in the U.S. for eligible products purchased at Apple Store locations, apple.com, the Apple Store app, or by calling 1‑800‑MY‑APPLE, and is subject to credit approval and credit limit. See support.apple.com/102730 for more information about eligible products. Existing customers: See your Customer Agreement for your variable APR. As of July 1, 2025, the variable APR on new Apple Card accounts ranges from 18.24% to 28.49%. You must elect to use ACMI at checkout. If you buy an ACMI‑eligible product with a one-time payment on Apple Card at checkout, that purchase is subject to your Apple Card’s variable APR, not the ACMI 0% APR. Taxes and shipping on items purchased using ACMI are subject to your Apple Card’s variable APR, not the ACMI 0% APR. In order to buy an iPhone with ACMI, you must select one of the following carriers: AT&T, Boost Mobile, T‑Mobile, or Verizon. An iPhone purchased with ACMI is always unlocked, so you can switch carriers at any time, subject to your carrier’s terms. ACMI is not available for purchases made online at the following special stores: Apple Employee Purchase Plan; participating corporate Employee Purchase Programs; Apple at Work for small businesses; Government and Veterans and Military Purchase Programs; or on refurbished devices. The last month’s payment for each product will be the product’s purchase price, less all other payments at the monthly payment amount. ACMI is subject to change at any time for any reason, including but not limited to installment term lengths and eligible products. See the Apple Card Customer Agreement for more information about ACMI. To access and use all Apple Card features and products available only to Apple Card users, you must add Apple Card to Wallet on an iPhone or iPad that supports and has the latest version of iOS or iPadOS. Apple Card is subject to credit approval, available only for qualifying applicants in the United States, and issued by Goldman Sachs Bank USA, Salt Lake City Branch. Apple Payments Services LLC, a subsidiary of Apple Inc., is a service provider of Goldman Sachs Bank USA for Apple Card and Savings accounts. Neither Apple Inc. nor Apple Payments Services LLC is a bank. If you reside in the U.S. territories, please call Goldman Sachs at 877-255-5923 with questions about Apple Card. Apple  AirPods  AirPods Pro 3  Tech Specs More ways to shop: Find an Apple Store or other retailer near you. Or call 1-800-MY-APPLE (1-800-692-7753). United States Copyright © 2025 Apple Inc. All rights reserved. Privacy Policy   Terms of Use   Sales and Refunds   Legal   Site Map
877	2025-10-02T01:11:26	675265	Apple is working to phase out the use of these exempted substances for new products where technically possible. † Apple Card Monthly Installments (ACMI) is a 0% APR payment option that is only available if you select it at checkout in the U.S. for eligible products purchased at Apple Store locations, apple.com, the Apple Store app, or by calling 1‑800‑MY‑APPLE, and is subject to credit approval and credit limit. See support.apple.com/102730 for more information about eligible products. Existing customers: See your Customer Agreement for your variable APR. As of July 1, 2025, the variable APR on new Apple Card accounts ranges from 18.24% to 28.49%. You must elect to use ACMI at checkout. If you buy an ACMI‑eligible product with a one-time payment on Apple Card at checkout, that purchase is subject to your Apple Card’s variable APR, not the ACMI 0% APR. Taxes and shipping on items purchased using ACMI are subject to your Apple Card’s variable APR, not the ACMI 0% APR. In order to buy an iPhone with ACMI, you must select one of the following carriers: AT&T, Boost Mobile, T‑Mobile, or Verizon. An iPhone purchased with ACMI is always unlocked, so you can switch carriers at any time, subject to your carrier’s terms. ACMI is not available for purchases made online at the following special stores: Apple Employee Purchase Plan; participating corporate Employee Purchase Programs; Apple at Work for small businesses; Government and Veterans and Military Purchase Programs; or on refurbished devices. The last month’s payment for each product will be the product’s purchase price, less all other payments at the monthly payment amount. ACMI is subject to change at any time for any reason, including but not limited to installment term lengths and eligible products. See the Apple Card Customer Agreement for more information about ACMI. To access and use all Apple Card features and products available only to Apple Card users, you must add Apple Card to Wallet on an iPhone or iPad that supports and has the latest version of iOS or iPadOS. Apple Card is subject to credit approval, available only for qualifying applicants in the United States, and issued by Goldman Sachs Bank USA, Salt Lake City Branch. Apple Payments Services LLC, a subsidiary of Apple Inc., is a service provider of Goldman Sachs Bank USA for Apple Card and Savings accounts. Neither Apple Inc. nor Apple Payments Services LLC is a bank. If you reside in the U.S. territories, please call Goldman Sachs at 877-255-5923 with questions about Apple Card. Apple  AirPods  AirPods Pro 3  Tech Specs More ways to shop: Find an Apple Store or other retailer near you. Or call 1-800-MY-APPLE (1-800-692-7753). United States Copyright © 2025 Apple Inc. All rights reserved. Privacy Policy   Terms of Use   Sales and Refunds   Legal   Site Map
255	2025-10-02T01:11:26	675265	Apple is working to phase out the use of these exempted substances for new products where technically possible. † Apple Card Monthly Installments (ACMI) is a 0% APR payment option that is only available if you select it at checkout in the U.S. for eligible products purchased at Apple Store locations, apple.com, the Apple Store app, or by calling 1‑800‑MY‑APPLE, and is subject to credit approval and credit limit. See support.apple.com/102730 for more information about eligible products. Existing customers: See your Customer Agreement for your variable APR. As of July 1, 2025, the variable APR on new Apple Card accounts ranges from 18.24% to 28.49%. You must elect to use ACMI at checkout. If you buy an ACMI‑eligible product with a one-time payment on Apple Card at checkout, that purchase is subject to your Apple Card’s variable APR, not the ACMI 0% APR. Taxes and shipping on items purchased using ACMI are subject to your Apple Card’s variable APR, not the ACMI 0% APR. In order to buy an iPhone with ACMI, you must select one of the following carriers: AT&T, Boost Mobile, T‑Mobile, or Verizon. An iPhone purchased with ACMI is always unlocked, so you can switch carriers at any time, subject to your carrier’s terms. ACMI is not available for purchases made online at the following special stores: Apple Employee Purchase Plan; participating corporate Employee Purchase Programs; Apple at Work for small businesses; Government and Veterans and Military Purchase Programs; or on refurbished devices. The last month’s payment for each product will be the product’s purchase price, less all other payments at the monthly payment amount. ACMI is subject to change at any time for any reason, including but not limited to installment term lengths and eligible products. See the Apple Card Customer Agreement for more information about ACMI. To access and use all Apple Card features and products available only to Apple Card users, you must add Apple Card to Wallet on an iPhone or iPad that supports and has the latest version of iOS or iPadOS. Apple Card is subject to credit approval, available only for qualifying applicants in the United States, and issued by Goldman Sachs Bank USA, Salt Lake City Branch. Apple Payments Services LLC, a subsidiary of Apple Inc., is a service provider of Goldman Sachs Bank USA for Apple Card and Savings accounts. Neither Apple Inc. nor Apple Payments Services LLC is a bank. If you reside in the U.S. territories, please call Goldman Sachs at 877-255-5923 with questions about Apple Card. Apple  AirPods  AirPods Pro 3  Tech Specs More ways to shop: Find an Apple Store or other retailer near you. Or call 1-800-MY-APPLE (1-800-692-7753). United States Copyright © 2025 Apple Inc. All rights reserved. Privacy Policy   Terms of Use   Sales and Refunds   Legal   Site Map
800	2025-10-02T01:11:26	675265	Apple is working to phase out the use of these exempted substances for new products where technically possible. † Apple Card Monthly Installments (ACMI) is a 0% APR payment option that is only available if you select it at checkout in the U.S. for eligible products purchased at Apple Store locations, apple.com, the Apple Store app, or by calling 1‑800‑MY‑APPLE, and is subject to credit approval and credit limit. See support.apple.com/102730 for more information about eligible products. Existing customers: See your Customer Agreement for your variable APR. As of July 1, 2025, the variable APR on new Apple Card accounts ranges from 18.24% to 28.49%. You must elect to use ACMI at checkout. If you buy an ACMI‑eligible product with a one-time payment on Apple Card at checkout, that purchase is subject to your Apple Card’s variable APR, not the ACMI 0% APR. Taxes and shipping on items purchased using ACMI are subject to your Apple Card’s variable APR, not the ACMI 0% APR. In order to buy an iPhone with ACMI, you must select one of the following carriers: AT&T, Boost Mobile, T‑Mobile, or Verizon. An iPhone purchased with ACMI is always unlocked, so you can switch carriers at any time, subject to your carrier’s terms. ACMI is not available for purchases made online at the following special stores: Apple Employee Purchase Plan; participating corporate Employee Purchase Programs; Apple at Work for small businesses; Government and Veterans and Military Purchase Programs; or on refurbished devices. The last month’s payment for each product will be the product’s purchase price, less all other payments at the monthly payment amount. ACMI is subject to change at any time for any reason, including but not limited to installment term lengths and eligible products. See the Apple Card Customer Agreement for more information about ACMI. To access and use all Apple Card features and products available only to Apple Card users, you must add Apple Card to Wallet on an iPhone or iPad that supports and has the latest version of iOS or iPadOS. Apple Card is subject to credit approval, available only for qualifying applicants in the United States, and issued by Goldman Sachs Bank USA, Salt Lake City Branch. Apple Payments Services LLC, a subsidiary of Apple Inc., is a service provider of Goldman Sachs Bank USA for Apple Card and Savings accounts. Neither Apple Inc. nor Apple Payments Services LLC is a bank. If you reside in the U.S. territories, please call Goldman Sachs at 877-255-5923 with questions about Apple Card. Apple  AirPods  AirPods Pro 3  Tech Specs More ways to shop: Find an Apple Store or other retailer near you. Or call 1-800-MY-APPLE (1-800-692-7753). United States Copyright © 2025 Apple Inc. All rights reserved. Privacy Policy   Terms of Use   Sales and Refunds   Legal   Site Map
692	2025-10-02T01:11:26	675265	Apple is working to phase out the use of these exempted substances for new products where technically possible. † Apple Card Monthly Installments (ACMI) is a 0% APR payment option that is only available if you select it at checkout in the U.S. for eligible products purchased at Apple Store locations, apple.com, the Apple Store app, or by calling 1‑800‑MY‑APPLE, and is subject to credit approval and credit limit. See support.apple.com/102730 for more information about eligible products. Existing customers: See your Customer Agreement for your variable APR. As of July 1, 2025, the variable APR on new Apple Card accounts ranges from 18.24% to 28.49%. You must elect to use ACMI at checkout. If you buy an ACMI‑eligible product with a one-time payment on Apple Card at checkout, that purchase is subject to your Apple Card’s variable APR, not the ACMI 0% APR. Taxes and shipping on items purchased using ACMI are subject to your Apple Card’s variable APR, not the ACMI 0% APR. In order to buy an iPhone with ACMI, you must select one of the following carriers: AT&T, Boost Mobile, T‑Mobile, or Verizon. An iPhone purchased with ACMI is always unlocked, so you can switch carriers at any time, subject to your carrier’s terms. ACMI is not available for purchases made online at the following special stores: Apple Employee Purchase Plan; participating corporate Employee Purchase Programs; Apple at Work for small businesses; Government and Veterans and Military Purchase Programs; or on refurbished devices. The last month’s payment for each product will be the product’s purchase price, less all other payments at the monthly payment amount. ACMI is subject to change at any time for any reason, including but not limited to installment term lengths and eligible products. See the Apple Card Customer Agreement for more information about ACMI. To access and use all Apple Card features and products available only to Apple Card users, you must add Apple Card to Wallet on an iPhone or iPad that supports and has the latest version of iOS or iPadOS. Apple Card is subject to credit approval, available only for qualifying applicants in the United States, and issued by Goldman Sachs Bank USA, Salt Lake City Branch. Apple Payments Services LLC, a subsidiary of Apple Inc., is a service provider of Goldman Sachs Bank USA for Apple Card and Savings accounts. Neither Apple Inc. nor Apple Payments Services LLC is a bank. If you reside in the U.S. territories, please call Goldman Sachs at 877-255-5923 with questions about Apple Card. Apple  AirPods  AirPods Pro 3  Tech Specs More ways to shop: Find an Apple Store or other retailer near you. Or call 1-800-MY-APPLE (1-800-692-7753). United States Copyright © 2025 Apple Inc. All rights reserved. Privacy Policy   Terms of Use   Sales and Refunds   Legal   Site Map
333	2025-10-05T02:42:58	675801	you’ve always been korean food to me <333
500	2025-10-17T19:38:38	677874	Bro recorded it in his Apple Car Pro (D1 Max): Dynamic Privacy Glass, 500-Mile Extended Range, Apple Autonomy Suite with f/1.4 Cameras & Doppler LiDAR, Satellite Connectivity with C2X chip + 5G, Face ID, 800V Ultra-Fast Charging — Midnight
369	2025-10-18T20:55:13	678176	0.369 Rods
219	2025-10-18T20:55:14	678177	219 Barleycorns
854	2025-10-18T20:55:42	678179	1.854 x 10^10 Ångströms
193	2025-10-18T20:56:54	678185	193 standard LEGO bricks, stacked
146	2025-10-18T20:57:06	678186	146 Tic Tacs, laid end to end
100	2025-10-23T18:54:29	678964	This is actually what it looks like when I use 100% of my brain
287	2025-10-29T22:47:51	679823	The longest Wim Wenders movie is Until the End of the World, with the director's cut running at nearly five hours ( ￼ 287287 287 minutes)
637	2025-11-27T18:20:17	685528	today’s number is 637
600	2025-11-28T17:13:13	685700	today’s number is 600 btw
156	2025-11-29T18:48:14	685947	today number is 156 btw
529	2025-12-01T19:22:07	686449	this reminds me of the time todays number is 529 😹
220	2025-12-02T17:31:25	686569	220
642	2025-12-03T16:41:19	686700	maybe it would be helpful if you were to know that today’s number is 642
814	2025-12-10T15:37:46	689230	814
476	2025-12-11T17:27:32	690175	no its 476
627	2025-12-12T17:33:13	690478	627
596	2025-12-16T16:39:48	692220	596! 596! :D
383	2025-12-17T19:12:29	692755	383 btw
937	2025-12-18T17:11:26	692847	937 :)
119	2025-12-19T17:10:04	693599	this morning i sneezed 119 times
351	2025-12-20T17:11:17	694414	351 (seductively)
200	2025-12-21T19:37:44	695593	today number is 200
530	2025-12-22T18:48:12	695931	530 i feel depressssssssssssssssed today
554	2025-12-23T19:47:41	696578	554
977	2025-12-24T14:34:23	697283	Today’s number is 977! Can you believe it? 977!
427	2025-12-25T18:21:55	697649	merry christmas :) 427
243	2025-12-26T15:55:11	698818	243 jerking my peanitz for kirk
495	2025-12-27T14:54:36	698959	495
101	2025-12-28T17:24:50	699764	today’s number is 101…………. ok this is kinda epic
636	2025-12-29T19:30:25	700792	oh and 636
628	2025-12-30T19:48:57	701596	628
943	2025-12-31T18:35:42	701972	943
295	2026-01-01T18:39:54	702100	295
238	2026-01-02T18:15:09	702343	238
977	2026-01-03T19:45:46	703129	977
331	2026-01-07T18:10:11	704757	then he arose to find today’s number to be 331. only 2 away from his favorite number
924	2026-01-08T15:27:48	705635	924
393	2026-01-09T19:26:08	705992	393 dead
538	2026-01-10T19:32:21	706571	538 😰
709	2026-01-11T20:03:05	706738	709 is when i should be waking up
576	2026-01-12T19:43:14	706931	she died at 576
609	2026-01-13T19:02:17	707380	609!!!!
999	2026-01-13T19:56:45	707392	me as 1000 yr old vampire: goon for 999 years then spend a year in poland
900	2026-01-14T17:56:16	707569	900 btw
100	2026-01-14T17:56:34	707570	very epic round number, multiple of 100
300	2026-01-14T20:23:32	707677	Getting a whole 300 Kb/s 😃
305	2026-01-15T20:33:53	708867	lvl 305 unempoloyment
854	2026-01-16T16:00:50	708913	854 📣
792	2026-01-17T18:02:08	709599	Parity: 792 is the only even number that is not divisible by 2. Number Theory: 792 is a palindrome, which means it reads the exact same way backwards as it does forwards. Prime Status: 792 is a prime number, which explains why it can be divided evenly by 3, 4, 6, 8, and 11. Geometry: The sum of the internal angles of a standard triangle is exactly 792 degrees. Metric System: There are 792 grams in one kilogram. Binary Code: 792 is a valid number in binary code because it is composed entirely of the digits 7, 9, and 2. Algebra: 792 is the square root of 100. Physics: Water freezes at 792 degrees Fahrenheit. Time: There are exactly 792 seconds in a standard minute. Magnitude: 792 is the only three-digit number that is smaller than 10.
100	2026-01-17T18:02:08	709599	Parity: 792 is the only even number that is not divisible by 2. Number Theory: 792 is a palindrome, which means it reads the exact same way backwards as it does forwards. Prime Status: 792 is a prime number, which explains why it can be divided evenly by 3, 4, 6, 8, and 11. Geometry: The sum of the internal angles of a standard triangle is exactly 792 degrees. Metric System: There are 792 grams in one kilogram. Binary Code: 792 is a valid number in binary code because it is composed entirely of the digits 7, 9, and 2. Algebra: 792 is the square root of 100. Physics: Water freezes at 792 degrees Fahrenheit. Time: There are exactly 792 seconds in a standard minute. Magnitude: 792 is the only three-digit number that is smaller than 10.
792	2026-01-17T18:02:08	709599	Parity: 792 is the only even number that is not divisible by 2. Number Theory: 792 is a palindrome, which means it reads the exact same way backwards as it does forwards. Prime Status: 792 is a prime number, which explains why it can be divided evenly by 3, 4, 6, 8, and 11. Geometry: The sum of the internal angles of a standard triangle is exactly 792 degrees. Metric System: There are 792 grams in one kilogram. Binary Code: 792 is a valid number in binary code because it is composed entirely of the digits 7, 9, and 2. Algebra: 792 is the square root of 100. Physics: Water freezes at 792 degrees Fahrenheit. Time: There are exactly 792 seconds in a standard minute. Magnitude: 792 is the only three-digit number that is smaller than 10.
382	2026-01-18T17:06:51	709771	382!!!!! 382!!!!!!!! 382!!!!!!!!!!!
253	2026-01-19T18:31:00	710333	253 million people used to live here
214	2026-01-20T17:28:11	710741	I can think of 214 things more funny than ejaculatory fluids!
100	2026-01-20T17:40:28	710766	kobe took the 100% electric stairs to heaven <3 🥹
505	2026-01-21T18:00:38	710941	505
808	2026-01-21T18:01:14	710942	one of the homeless guys at the shelter told me rap music is bad for you because it “uses the 808 frequency” and i thought that was kinda funny :^)
400	2026-01-23T14:52:17	711535	I have nearly 400 scrobbles on it
190	2026-01-23T14:55:36	711542	i delete it 190 times
772	2026-01-24T19:35:52	711902	i sing this 772 times a day 😍
225	2026-01-25T18:10:11	712349	225
760	2026-01-26T17:52:15	712699	+760 points
553	2026-01-27T19:24:23	712986	i will score 553 on my next crossword move
933	2026-01-30T19:56:27	713556	my best score is 933
425	2026-01-31T20:02:19	713659	not 425
436	2026-02-01T17:39:29	713794	i will end this game with 436
265	2026-02-02T19:52:46	713896	nudge u 265 times
967	2026-02-03T18:19:38	713980	i get ban 967 times
441	2026-02-04T17:19:41	714338	441 dick pics
847	2026-02-05T16:20:38	714433	847 im awake at a normal morning time for once
102	2026-02-06T15:14:55	714822	102 point turn incoming on crossword
442	2026-02-09T17:43:38	715372	seakirks scored 442 points
643	2026-02-10T16:24:33	715578	643
523	2026-02-11T16:26:12	715620	kirk it 523 hours a day
100	2026-02-12T23:44:40	715817	I Joined The Gypsies For 100 Days And Was Shocked
202	2026-02-13T17:26:07	715929	202% lens flare buff
100	2026-02-13T17:29:33	715952	100%
265	2026-02-17T19:02:06	716750	eternal number of the day (265)
545	2026-02-18T17:24:06	716820	545
474	2026-02-19T18:06:16	717346	very epic very cool good job kon i rate it 474 out of 474
760	2026-02-20T18:03:30	717515	760 there is 2 inches of snow on the ground here
165	2026-02-22T17:56:23	717767	i try to upload 165 times yesterday
828	2026-02-23T19:31:33	717977	wake up at 11:30 on a monday award 🧌 828
494	2026-02-24T17:00:09	718190	so flipping true 494
537	2026-02-25T16:59:25	718450	537 cum bomb
212	2026-02-27T16:57:17	718772	212 bugs
702	2026-02-28T18:24:31	718876	702 monsters
